"No.","Ticker","Company","Sector","Industry","Country","Market Cap","P/E","Price","Change","Volume"
1,"CDE","Coeur Mining, Inc.","Basic Materials","Silver","USA",1356.92,23.57,7.73,2.25%,3126291
2,"CVE","Cenovus Energy Inc.","Basic Materials","Oil & Gas Drilling & Exploration","Canada",9974.60,,11.97,-0.91%,1949827
3,"CRC","California Resources Corporation","Basic Materials","Independent Oil & Gas","USA",677.27,2.36,15.24,1.40%,1519811
4,"RGLD","Royal Gold, Inc.","Basic Materials","Gold","USA",4106.40,391.49,63.03,0.13%,373714
5,"FMSA","Fairmount Santrol Holdings Inc.","Basic Materials","Industrial Metals & Minerals","USA",1605.12,,7.30,-1.35%,5432996
6,"AEM","Agnico Eagle Mines Limited","Basic Materials","Gold","Canada",9005.29,58.35,41.25,0.12%,1373808
7,"DVN","Devon Energy Corporation","Basic Materials","Independent Oil & Gas","USA",21759.59,,40.96,1.74%,4366698
8,"SLB","Schlumberger Limited","Basic Materials","Oil & Gas Equipment & Services","USA",109578.03,,78.59,-0.13%,6704553
9,"XOG","Extraction Oil & Gas, LLC","Basic Materials","Independent Oil & Gas","USA",2773.35,,16.36,0.00%,851694
10,"HAL","Halliburton Company","Basic Materials","Oil & Gas Equipment & Services","USA",44092.10,,50.88,-0.06%,6272390
11,"AKS","AK Steel Holding Corporation","Basic Materials","Steel & Iron","USA",2514.23,,7.89,2.73%,11728139
12,"MDR","McDermott International, Inc.","Basic Materials","Oil & Gas Equipment & Services","USA",1585.87,56.02,6.61,0.30%,2462479
13,"WLL","Whiting Petroleum Corporation","Basic Materials","Oil & Gas Drilling & Exploration","USA",3428.38,,9.29,1.53%,9571035
14,"CNX","CONSOL Energy Inc.","Basic Materials","Independent Oil & Gas","USA",3559.05,,15.35,1.05%,2083472
15,"MTDR","Matador Resources Company","Basic Materials","Independent Oil & Gas","USA",2332.66,,23.13,-0.81%,1283143
16,"HES","Hess Corporation","Basic Materials","Independent Oil & Gas","USA",15432.82,,47.79,0.78%,6240674
17,"REN","Resolute Energy Corporation","Basic Materials","Independent Oil & Gas","USA",783.37,,36.15,-1.28%,834879
18,"CRZO","Carrizo Oil & Gas, Inc.","Basic Materials","Independent Oil & Gas","USA",1836.43,,28.49,1.33%,1226889
19,"ESV","Ensco plc","Basic Materials","Oil & Gas Drilling & Exploration","United Kingdom",2587.39,2.75,8.71,-0.34%,5788436
20,"BAS","Basic Energy Services, Inc.","Basic Materials","Oil & Gas Equipment & Services","USA",789.58,,31.52,-1.22%,418683
21,"CPE","Callon Petroleum Company","Basic Materials","Independent Oil & Gas","USA",2314.08,,11.60,0.61%,3034884
22,"APC","Anadarko Petroleum Corporation","Basic Materials","Independent Oil & Gas","USA",35143.39,,62.82,1.50%,4143915
23,"SXC","SunCoke Energy, Inc.","Basic Materials","Nonmetallic Mineral Mining","USA",562.09,39.82,8.72,5.06%,959014
24,"EGN","Energen Corporation","Basic Materials","Independent Oil & Gas","USA",4962.37,,50.59,-0.30%,1055923
25,"QEP","QEP Resources, Inc.","Basic Materials","Oil & Gas Pipelines","USA",3097.57,,12.92,0.08%,3793342
26,"BHI","Baker Hughes Incorporated","Basic Materials","Oil & Gas Equipment & Services","USA",24587.22,,56.68,0.71%,1665250
27,"RRC","Range Resources Corporation","Basic Materials","Independent Oil & Gas","USA",7018.60,,28.08,2.00%,5311837
28,"XEC","Cimarex Energy Co.","Basic Materials","Independent Oil & Gas","USA",11632.11,,120.59,1.14%,751401
29,"HK","Halcon Resources Corporation","Basic Materials","Oil & Gas Drilling & Exploration","USA",673.16,,7.39,0.54%,990655
30,"EQT","EQT Corporation","Basic Materials","Independent Oil & Gas","USA",10095.94,,57.81,1.28%,2590441
31,"MUR","Murphy Oil Corporation","Basic Materials","Independent Oil & Gas","USA",4565.09,,26.40,-0.64%,3451532
32,"BRS","Bristow Group Inc.","Basic Materials","Oil & Gas Equipment & Services","USA",494.84,,14.10,0.79%,485530
33,"INT","World Fuel Services Corporation","Basic Materials","Oil & Gas Refining & Marketing","USA",2528.69,20.20,36.60,0.27%,468686
34,"APA","Apache Corporation","Basic Materials","Independent Oil & Gas","USA",19196.73,,50.16,-0.14%,4053343
35,"SWN","Southwestern Energy Company","Basic Materials","Independent Oil & Gas","USA",3794.60,,7.60,2.15%,9008336
36,"NBL","Noble Energy, Inc.","Basic Materials","Independent Oil & Gas","USA",14900.28,,34.05,-0.06%,5425237
37,"GPOR","Gulfport Energy Corporation","Basic Materials","Independent Oil & Gas","USA",2666.04,,16.55,-1.66%,5969333
38,"PDCE","PDC Energy, Inc.","Basic Materials","Independent Oil & Gas","USA",4252.63,,64.21,0.86%,946511
39,"UNT","Unit Corporation","Basic Materials","Oil & Gas Drilling & Exploration","USA",1149.73,,22.26,0.50%,370411
40,"NFX","Newfield Exploration Company","Basic Materials","Independent Oil & Gas","USA",6918.22,,34.51,0.58%,3001391
41,"SLCA","U.S. Silica Holdings, Inc.","Basic Materials","Industrial Metals & Minerals","USA",3740.46,,46.50,-0.13%,1934299
42,"NBR","Nabors Industries Ltd.","Basic Materials","Oil & Gas Drilling & Exploration","Bermuda",3766.73,,13.41,-0.22%,4263456
43,"GIII","G-III Apparel Group, Ltd.","Consumer Goods","Textile - Apparel Clothing","USA",1147.68,14.05,23.95,-1.96%,317302
44,"LTRPA","Liberty TripAdvisor Holdings, Inc.","Consumer Goods","Recreational Goods, Other","USA",1049.18,52.25,13.95,-0.36%,684351
45,"TVPT","Travelport Worldwide Limited","Consumer Goods","Recreational Goods, Other","United Kingdom",1525.47,91.11,12.30,1.57%,1613519
46,"LKQ","LKQ Corporation","Consumer Goods","Auto Parts","USA",9447.48,20.54,30.23,0.77%,2380892
47,"ICON","Iconix Brand Group, Inc.","Consumer Goods","Textile - Apparel Footwear & Accessories","USA",404.68,,7.22,-2.70%,962411
48,"BETR","Amplify Snack Brands, Inc.","Consumer Goods","Food - Major Diversified","USA",633.47,22.21,8.04,-4.06%,856969
49,"THO","Thor Industries, Inc.","Consumer Goods","Recreational Vehicles","USA",5100.99,16.77,97.31,-2.26%,1619137
50,"PEI","Pennsylvania Real Estate Investment Trust","Financial","REIT - Retail","USA",1040.28,,14.76,1.30%,2455551
51,"KRG","Kite Realty Group Trust","Financial","REIT - Retail","USA",1721.40,1449.29,20.29,1.30%,999774
52,"KIM","Kimco Realty Corporation","Financial","REIT - Retail","USA",9278.38,37.61,21.85,0.97%,5561379
53,"FBP","First Bancorp","Financial","Foreign Regional Banks","USA",1324.56,13.85,5.97,0.51%,1146314
54,"LC","LendingClub Corporation","Financial","Credit Services","USA",2128.56,,5.26,-0.94%,4240187
55,"WRI","Weingarten Realty Investors","Financial","REIT - Retail","USA",4088.43,17.00,31.74,1.18%,1337984
56,"GPT","Gramercy Property Trust, Inc.","Financial","REIT - Diversified","USA",3621.40,300.12,25.51,0.55%,811604
57,"RPAI","Retail Properties of America, Inc.","Financial","REIT - Retail","USA",3413.80,21.48,14.22,2.01%,2531376
58,"AHT","Ashford Hospitality Trust, Inc.","Financial","REIT - Hotel/Motel","USA",587.94,,6.07,-0.16%,572328
59,"MHLD","Maiden Holdings, Ltd.","Financial","Property & Casualty Insurance","Bermuda",1250.78,80.00,14.40,-1.37%,406547
60,"SNR","New Senior Investment Group Inc.","Financial","REIT - Diversified","USA",797.63,,9.58,0.00%,736590
61,"MBI","MBIA Inc.","Financial","Property & Casualty Insurance","USA",1247.20,,9.32,0.54%,1150747
62,"SPG","Simon Property Group, Inc.","Financial","REIT - Retail","USA",54321.55,28.73,168.69,0.31%,2616177
63,"CBL","CBL & Associates Properties, Inc.","Financial","REIT - Retail","USA",1604.77,12.55,9.40,1.29%,2412509
64,"NAVI","Navient Corporation","Financial","Credit Services","USA",4205.14,6.83,14.51,-0.07%,1511270
65,"GGP","GGP Inc.","Financial","REIT - Retail","USA",20601.78,17.45,23.28,1.00%,6479697
66,"SRC","Spirit Realty Capital, Inc.","Financial","REIT - Diversified","USA",4922.97,105.00,10.08,-0.30%,4438676
67,"ALXN","Alexion Pharmaceuticals, Inc.","Healthcare","Biotechnology","USA",27850.70,70.87,124.74,-2.02%,1459714
68,"ENDP","Endo International plc","Healthcare","Drug Manufacturers - Other","Ireland",2377.99,,10.67,-1.39%,6014883
69,"PRGO","Perrigo Company plc","Healthcare","Drug Related Products","Ireland",9962.90,,70.29,-1.31%,1363299
70,"IPXL","Impax Laboratories, Inc.","Healthcare","Drug Manufacturers - Major","USA",682.46,,9.05,2.26%,1551900
71,"PTCT","PTC Therapeutics, Inc.","Healthcare","Biotechnology","USA",358.52,,10.76,1.13%,932927
72,"HZNP","Horizon Pharma Public Limited Company","Healthcare","Drugs - Generic","Ireland",2456.22,,15.22,-1.17%,1763116
73,"ALR","Alere Inc.","Healthcare","Medical Laboratories & Research","USA",3327.41,,37.76,-0.63%,260642
74,"MNTA","Momenta Pharmaceuticals, Inc.","Healthcare","Drugs - Generic","USA",1023.68,,14.00,-1.06%,649285
75,"TASR","TASER International, Inc.","Industrial Goods","Aerospace/Defense Products & Services","USA",1186.35,70.40,22.81,0.80%,823752
76,"CSTM","Constellium N.V","Industrial Goods","Metal Fabrication","Netherlands",740.12,,6.30,2.44%,2994831
77,"TGI","Triumph Group, Inc.","Industrial Goods","Aerospace/Defense Products & Services","USA",1241.91,,24.50,0.62%,555513
78,"DKS","Dick's Sporting Goods, Inc.","Services","Sporting Goods Stores","USA",5273.78,18.45,47.29,-3.17%,4939569
79,"KBR","KBR, Inc.","Services","Technical Services","USA",2057.45,,14.42,-2.30%,1889578
80,"YRCW","YRC Worldwide Inc.","Services","Trucking","USA",388.66,18.16,11.64,0.26%,394786
81,"NWSA","News Corporation","Services","Broadcasting - TV","USA",7235.25,,12.28,-0.81%,1704580
82,"UAL","United Continental Holdings, Inc.","Services","Major Airlines","USA",22036.98,9.33,69.85,-3.44%,6730662
83,"SONC","Sonic Corp.","Services","Restaurants","USA",1021.01,17.86,23.45,-0.42%,834760
84,"KR","The Kroger Co.","Services","Grocery Stores","USA",26924.13,13.79,28.69,-0.45%,9082558
85,"BKS","Barnes & Noble, Inc.","Services","Specialty Retail, Other","USA",630.34,127.54,8.80,2.33%,1086344
86,"AAL","American Airlines Group Inc.","Services","Major Airlines","USA",21802.50,8.87,42.37,-3.49%,8851238
87,"ETSY","Etsy, Inc.","Services","Specialty Retail, Other","USA",1157.46,,10.05,3.40%,1940186
88,"SCOR","comScore, Inc.","Services","Business Services","USA",1262.04,,22.07,4.41%,211105
89,"DAL","Delta Air Lines, Inc.","Services","Major Airlines","USA",34972.24,8.19,47.35,-1.17%,6966011
90,"JCP","J. C. Penney Company, Inc.","Services","Department Stores","USA",1829.29,,5.99,-5.82%,22405982
91,"RRD","R.R. Donnelley & Sons Company","Services","Business Services","USA",974.11,,13.55,-4.17%,2036002
92,"FRED","Fred's, Inc.","Services","Discount, Variety Stores","USA",535.18,,14.78,-2.51%,699148
93,"GCI","Gannett Co., Inc.","Services","Publishing - Newspapers","USA",907.57,18.05,7.98,0.88%,720412
94,"SYNA","Synaptics Incorporated","Technology","Application Software","USA",1751.14,45.94,49.89,-2.23%,515991
95,"CSRA","CSRA Inc.","Technology","Information Technology Services","USA",4692.57,24.81,28.81,1.37%,987858
96,"IPHI","Inphi Corporation","Technology","Semiconductor - Broad Line","USA",1810.82,71.96,42.89,-1.88%,991811
97,"NPTN","NeoPhotonics Corporation","Technology","Semiconductor - Broad Line","USA",386.61,,8.51,-5.55%,2212226
98,"TDS","Telephone and Data Systems, Inc.","Technology","Wireless Communications","USA",2821.47,66.98,25.99,-0.35%,685569
99,"SHOR","ShoreTel, Inc.","Technology","Communication Equipment","USA",412.66,,6.10,-3.17%,272003
100,"CIEN","Ciena Corporation","Technology","Communication Equipment","USA",3292.71,42.54,23.27,-1.65%,4875831
101,"SNCR","Synchronoss Technologies, Inc.","Technology","Application Software","USA",1191.44,,25.98,-1.22%,538098
102,"IRM","Iron Mountain Incorporated","Technology","Business Software & Services","USA",8932.73,77.83,34.01,-0.67%,907854
103,"GRUB","GrubHub Inc.","Technology","Internet Information Providers","USA",2938.44,59.86,34.42,1.92%,1871398
104,"ARRS","ARRIS International plc","Technology","Communication Equipment","USA",4693.74,290.47,24.98,-1.58%,4013927
105,"PANW","Palo Alto Networks, Inc.","Technology","Networking & Communication Devices","USA",10481.76,,117.68,-1.01%,2090848
106,"ACIA","Acacia Communications, Inc.","Technology","Communication Equipment","USA",2046.00,22.10,51.15,1.17%,633515
107,"FNSR","Finisar Corporation","Technology","Networking & Communication Devices","USA",3830.33,30.47,26.75,-0.85%,12319543
108,"CPN","Calpine Corporation","Utilities","Electric Utilities","USA",3942.22,42.95,10.91,-0.91%,1995583
