"No.","Ticker","Beta","Average True Range","20-Day Simple Moving Average","50-Day Simple Moving Average","200-Day Simple Moving Average","52-Week High","52-Week Low","Relative Strength Index (14)","Price","Change","Change from Open","Gap","Volume"
1,"CDE",0.88,0.47,-9.30%,-22.80%,-30.57%,-52.89%,65.52%,32.46,7.73,2.25%,1.18%,1.06%,3126291
2,"CVE",0.66,0.36,-8.51%,-13.63%,-17.20%,-28.83%,1.83%,30.39,11.97,-0.91%,-0.33%,-0.58%,1949827
3,"CRC",,1.15,-15.13%,-22.72%,2.89%,-40.24%,73.38%,33.29,15.24,1.40%,1.33%,0.07%,1519811
4,"RGLD",0.58,1.84,-6.28%,-7.27%,-11.46%,-27.68%,40.45%,36.95,63.03,0.13%,0.00%,0.13%,373714
5,"FMSA",,0.75,-30.17%,-36.60%,-17.98%,-44.36%,213.30%,23.73,7.30,-1.35%,-0.14%,-1.22%,5432996
6,"AEM",-0.49,1.41,-6.80%,-8.95%,-14.93%,-30.92%,20.76%,35.88,41.25,0.12%,-0.27%,0.39%,1373808
7,"DVN",2.10,1.40,-6.04%,-9.38%,-2.91%,-19.09%,77.86%,35.56,40.96,1.74%,2.27%,-0.52%,4366698
8,"SLB",1.11,1.25,-2.49%,-4.84%,-1.57%,-9.98%,12.93%,36.75,78.59,-0.13%,-0.30%,0.18%,6704553
9,"XOG",,0.78,-8.69%,-10.76%,-17.68%,-34.77%,3.52%,36.16,16.36,0.00%,-0.37%,0.37%,851694
10,"HAL",1.06,1.13,-5.15%,-7.22%,6.01%,-13.14%,55.31%,31.83,50.88,-0.06%,-0.27%,0.22%,6272390
11,"AKS",2.80,0.40,-5.54%,-11.80%,17.73%,-30.73%,138.37%,38.79,7.89,2.73%,1.28%,1.43%,11728139
12,"MDR",1.46,0.28,-11.28%,-13.16%,10.84%,-20.65%,87.25%,31.14,6.61,0.30%,0.30%,0.00%,2462479
13,"WLL",3.22,0.47,-13.70%,-18.71%,-5.75%,-35.66%,45.61%,29.66,9.29,1.53%,1.98%,-0.44%,9571035
14,"CNX",1.45,0.51,-5.07%,-11.69%,-12.90%,-31.29%,58.90%,37.25,15.35,1.05%,0.85%,0.20%,2083472
15,"MTDR",1.26,0.97,-8.03%,-9.87%,-1.91%,-18.87%,31.87%,37.81,23.13,-0.81%,-0.73%,-0.09%,1283143
16,"HES",1.80,1.36,-6.54%,-13.30%,-12.35%,-26.82%,5.75%,26.85,47.79,0.78%,1.44%,-0.65%,6240674
17,"REN",3.31,2.37,-19.18%,-18.18%,41.75%,-26.43%,1438.30%,29.37,36.15,-1.28%,-2.11%,0.85%,834879
18,"CRZO",2.12,1.33,-11.37%,-17.55%,-22.39%,-35.20%,8.23%,31.19,28.49,1.33%,1.26%,0.07%,1226889
19,"ESV",1.71,0.48,-12.98%,-17.66%,-6.78%,-29.22%,34.27%,32.26,8.71,-0.34%,-0.23%,-0.11%,5788436
20,"BAS",,1.65,-19.29%,-19.08%,-18.96%,-29.66%,7.36%,29.99,31.52,-1.22%,-0.76%,-0.47%,418683
21,"CPE",1.68,0.54,-12.74%,-19.62%,-16.69%,-37.40%,50.06%,27.49,11.60,0.61%,1.05%,-0.43%,3034884
22,"APC",1.47,1.61,-3.67%,-7.70%,2.79%,-14.26%,44.83%,36.26,62.82,1.50%,1.68%,-0.18%,4143915
23,"SXC",1.31,0.36,-9.36%,-14.02%,-0.08%,-33.64%,69.65%,34.92,8.72,5.06%,3.93%,1.08%,959014
24,"EGN",1.90,1.63,-6.01%,-7.90%,-5.74%,-21.49%,60.96%,36.73,50.59,-0.30%,0.24%,-0.53%,1055923
25,"QEP",1.79,0.60,-14.39%,-23.23%,-28.15%,-38.83%,9.58%,22.06,12.92,0.08%,0.39%,-0.31%,3793342
26,"BHI",0.80,1.13,-5.67%,-8.02%,4.39%,-17.14%,50.51%,28.12,56.68,0.71%,0.34%,0.37%,1665250
27,"RRC",1.03,1.08,-4.53%,-12.24%,-24.87%,-40.14%,5.17%,38.62,28.08,2.00%,1.70%,0.29%,5311837
28,"XEC",1.53,3.14,-5.51%,-9.39%,-6.23%,-17.89%,32.36%,33.17,120.59,1.14%,1.41%,-0.27%,751401
29,"HK",3.50,0.41,-12.57%,-16.40%,26.84%,-38.47%,3259.09%,32.53,7.39,0.54%,1.37%,-0.82%,990655
30,"EQT",0.88,1.77,-4.84%,-7.36%,-16.37%,-28.19%,2.39%,38.34,57.81,1.28%,0.31%,0.96%,2590441
31,"MUR",2.13,0.93,-5.73%,-10.12%,-9.28%,-26.77%,21.17%,37.32,26.40,-0.64%,-0.41%,-0.23%,3451532
32,"BRS",2.83,0.88,-12.27%,-20.98%,-2.24%,-39.13%,56.12%,29.22,14.10,0.79%,0.64%,0.14%,485530
33,"INT",1.06,0.85,-4.19%,-13.49%,-17.80%,-27.97%,2.61%,26.93,36.60,0.27%,0.03%,0.25%,468686
34,"APA",1.16,1.43,-6.22%,-13.81%,-13.25%,-27.02%,10.56%,26.81,50.16,-0.14%,-0.12%,-0.02%,4053343
35,"SWN",1.28,0.37,-6.16%,-16.19%,-36.20%,-51.25%,9.04%,35.92,7.60,2.15%,1.47%,0.67%,9008336
36,"NBL",1.15,0.96,-7.29%,-10.45%,-6.55%,-18.78%,19.46%,32.15,34.05,-0.06%,-0.06%,0.00%,5425237
37,"GPOR",1.20,0.63,-10.35%,-17.63%,-36.47%,-52.26%,-0.12%,25.54,16.55,-1.66%,-1.66%,0.00%,5969333
38,"PDCE",1.10,2.14,-7.46%,-11.46%,-1.88%,-24.35%,28.11%,34.70,64.21,0.86%,1.25%,-0.38%,946511
39,"UNT",2.50,1.38,-14.15%,-16.37%,11.14%,-27.33%,174.14%,33.07,22.26,0.50%,1.18%,-0.68%,370411
40,"NFX",1.52,1.24,-10.23%,-14.28%,-18.31%,-30.98%,11.90%,30.27,34.51,0.58%,0.55%,0.03%,3001391
41,"SLCA",2.58,2.59,-13.64%,-16.87%,2.63%,-24.38%,139.32%,32.30,46.50,-0.13%,0.00%,-0.13%,1934299
42,"NBR",1.67,0.55,-9.54%,-16.04%,6.93%,-26.79%,79.63%,29.31,13.41,-0.22%,0.68%,-0.89%,4263456
43,"GIII",0.43,0.96,-6.92%,-9.91%,-28.35%,-57.15%,0.00%,36.40,23.95,-1.96%,-1.92%,-0.04%,317302
44,"LTRPA",,0.56,-5.82%,-14.29%,-28.69%,-43.38%,6.90%,35.92,13.95,-0.36%,-0.36%,0.00%,684351
45,"TVPT",,0.28,-5.09%,-10.25%,-9.18%,-17.90%,10.87%,33.82,12.30,1.57%,1.74%,-0.17%,1613519
46,"LKQ",0.55,0.58,-4.25%,-3.96%,-8.37%,-16.84%,2.93%,38.34,30.23,0.77%,0.77%,0.00%,2380892
47,"ICON",1.44,0.35,-14.36%,-22.35%,-13.97%,-33.15%,15.34%,19.55,7.22,-2.70%,-3.09%,0.40%,962411
48,"BETR",,0.38,-18.32%,-19.39%,-37.84%,-54.14%,-2.55%,19.76,8.04,-4.06%,-4.06%,0.00%,856969
49,"THO",1.30,3.10,-11.13%,-7.78%,12.85%,-15.92%,65.35%,30.87,97.31,-2.26%,-2.06%,-0.20%,1619137
50,"PEI",1.36,0.50,-10.43%,-15.17%,-27.34%,-40.62%,2.43%,26.90,14.76,1.30%,1.30%,0.00%,2455551
51,"KRG",0.64,0.49,-9.95%,-12.58%,-20.53%,-31.77%,1.91%,21.46,20.29,1.30%,-0.10%,1.40%,999774
52,"KIM",0.73,0.48,-8.18%,-11.13%,-19.79%,-30.87%,1.82%,24.09,21.85,0.97%,-0.59%,1.57%,5561379
53,"FBP",2.04,0.18,-6.98%,-9.44%,10.03%,-15.32%,136.90%,31.20,5.97,0.51%,1.02%,-0.51%,1146314
54,"LC",,0.24,-6.64%,-8.69%,-1.80%,-43.80%,52.91%,39.67,5.26,-0.94%,-2.05%,1.13%,4240187
55,"WRI",0.73,0.67,-8.52%,-9.71%,-14.29%,-25.14%,1.96%,25.80,31.74,1.18%,0.83%,0.35%,1337984
56,"GPT",0.58,0.51,-6.23%,-2.16%,92.02%,-10.62%,246.97%,28.45,25.51,0.55%,0.71%,-0.16%,811604
57,"RPAI",0.46,0.31,-5.71%,-5.82%,-9.62%,-18.33%,2.45%,32.79,14.22,2.01%,1.28%,0.72%,2531376
58,"AHT",1.44,0.25,-13.04%,-18.50%,-4.52%,-26.25%,34.55%,25.42,6.07,-0.16%,0.00%,-0.16%,572328
59,"MHLD",1.16,0.51,-11.92%,-16.40%,-2.78%,-24.01%,23.71%,21.36,14.40,-1.37%,-1.37%,0.00%,406547
60,"SNR",,0.21,-5.27%,-4.07%,-5.91%,-18.83%,14.85%,31.05,9.58,0.00%,0.63%,-0.63%,736590
61,"MBI",2.41,0.29,-8.26%,-11.75%,5.80%,-20.00%,47.00%,30.29,9.32,0.54%,0.87%,-0.32%,1150747
62,"SPG",0.61,3.30,-6.41%,-6.54%,-12.97%,-24.40%,0.66%,28.93,168.69,0.31%,-0.18%,0.49%,2616177
63,"CBL",1.23,0.32,-7.58%,-11.14%,-14.16%,-31.25%,12.76%,32.40,9.40,1.29%,1.18%,0.11%,2412509
64,"NAVI",,0.35,-4.01%,-6.53%,0.86%,-17.55%,36.48%,30.25,14.51,-0.07%,-0.27%,0.21%,1511270
65,"GGP",0.81,0.47,-5.75%,-6.45%,-14.02%,-27.48%,1.84%,32.11,23.28,1.00%,0.69%,0.30%,6479697
66,"SRC",0.60,0.22,-5.97%,-6.34%,-13.44%,-25.64%,0.20%,27.46,10.08,-0.30%,-0.30%,0.00%,4438676
67,"ALXN",1.33,3.26,-4.31%,-4.78%,-2.57%,-23.00%,14.31%,35.91,124.74,-2.02%,-1.73%,-0.29%,1459714
68,"ENDP",0.62,0.65,-14.02%,-19.16%,-37.55%,-74.95%,2.69%,31.23,10.67,-1.39%,-1.20%,-0.18%,6014883
69,"PRGO",0.69,2.32,-10.22%,-10.43%,-19.61%,-49.68%,1.87%,30.67,70.29,-1.31%,-1.08%,-0.22%,1363299
70,"IPXL",1.28,0.90,-25.62%,-28.44%,-57.12%,-75.67%,16.77%,32.93,9.05,2.26%,1.69%,0.56%,1551900
71,"PTCT",1.39,0.83,-11.87%,-16.70%,8.41%,-34.79%,167.00%,36.94,10.76,1.13%,2.67%,-1.50%,932927
72,"HZNP",1.80,0.56,-6.70%,-8.21%,-15.90%,-35.07%,16.63%,36.81,15.22,-1.17%,-0.72%,-0.45%,1763116
73,"ALR",0.59,0.75,-3.75%,-3.59%,-6.69%,-29.84%,19.99%,36.46,37.76,-0.63%,-0.74%,0.11%,260642
74,"MNTA",1.77,0.72,-13.42%,-13.77%,5.97%,-29.65%,78.12%,31.36,14.00,-1.06%,-1.75%,0.71%,649285
75,"TASR",0.62,0.70,-8.67%,-9.02%,-10.72%,-24.34%,32.77%,31.89,22.81,0.80%,1.06%,-0.27%,823752
76,"CSTM",0.68,0.53,-20.60%,-14.27%,1.53%,-28.81%,56.72%,32.06,6.30,2.44%,3.28%,-0.81%,2994831
77,"TGI",1.50,0.90,-8.40%,-8.06%,-17.74%,-38.63%,9.70%,31.91,24.50,0.62%,0.62%,0.00%,555513
78,"DKS",0.55,1.71,-5.30%,-8.12%,-10.66%,-24.43%,26.09%,39.36,47.29,-3.17%,-3.17%,0.00%,4939569
79,"KBR",1.34,0.43,-8.54%,-12.40%,-6.03%,-19.30%,20.58%,29.24,14.42,-2.30%,-2.17%,-0.14%,1889578
80,"YRCW",3.61,0.57,-9.04%,-14.09%,-2.21%,-31.41%,47.16%,35.01,11.64,0.26%,-0.09%,0.34%,394786
81,"NWSA",2.00,0.29,-5.26%,-1.18%,-1.95%,-16.35%,17.39%,38.48,12.28,-0.81%,0.24%,-1.05%,1704580
82,"UAL",0.68,1.95,-5.97%,-5.00%,19.56%,-9.05%,86.71%,36.39,69.85,-3.44%,-3.24%,-0.21%,6730662
83,"SONC",1.44,0.60,-8.12%,-8.83%,-11.85%,-34.25%,12.32%,27.84,23.45,-0.42%,-0.38%,-0.04%,834760
84,"KR",0.78,0.72,-9.79%,-12.75%,-13.24%,-25.82%,0.66%,24.85,28.69,-0.45%,-0.49%,0.03%,9082558
85,"BKS",2.24,0.40,-10.73%,-15.23%,-21.17%,-33.67%,4.14%,32.96,8.80,2.33%,2.33%,0.00%,1086344
86,"AAL",,1.21,-8.09%,-8.58%,6.68%,-16.14%,71.83%,32.62,42.37,-3.49%,-3.11%,-0.39%,8851238
87,"ETSY",,0.49,-14.13%,-17.57%,-17.77%,-37.38%,32.24%,30.18,10.05,3.40%,3.18%,0.21%,1940186
88,"SCOR",,1.08,-4.38%,-21.10%,-24.10%,-36.66%,6.07%,33.39,22.07,4.41%,4.12%,0.28%,211105
89,"DAL",0.86,1.03,-4.81%,-4.22%,10.17%,-9.90%,47.30%,36.57,47.35,-1.17%,-1.15%,-0.02%,6966011
90,"JCP",0.72,0.29,-9.89%,-13.70%,-30.23%,-49.45%,2.04%,36.16,5.99,-5.82%,-6.11%,0.31%,22405982
91,"RRD",1.52,0.71,-20.26%,-20.05%,-20.25%,-44.10%,-3.21%,24.86,13.55,-4.17%,-3.90%,-0.28%,2036002
92,"FRED",1.72,0.80,-11.67%,-9.55%,11.28%,-31.88%,89.14%,37.70,14.78,-2.51%,-2.18%,-0.33%,699148
93,"GCI",,0.30,-5.50%,-11.79%,-25.84%,-52.15%,13.42%,32.81,7.98,0.88%,1.01%,-0.13%,720412
94,"SYNA",1.25,1.38,-8.38%,-9.23%,-11.86%,-45.12%,5.95%,32.46,49.89,-2.23%,-2.10%,-0.14%,515991
95,"CSRA",,0.71,-3.59%,-7.56%,3.62%,-14.10%,32.18%,37.25,28.81,1.37%,1.44%,-0.07%,987858
96,"IPHI",1.46,1.57,-9.81%,-8.50%,4.61%,-17.17%,65.66%,28.58,42.89,-1.88%,-1.90%,0.02%,991811
97,"NPTN",1.35,0.55,-21.20%,-21.76%,-31.68%,-54.02%,0.24%,25.46,8.51,-5.55%,-5.44%,-0.11%,2212226
98,"TDS",1.23,0.78,-10.00%,-11.88%,-8.40%,-21.19%,8.30%,32.74,25.99,-0.35%,-0.50%,0.15%,685569
99,"SHOR",1.41,0.22,-7.70%,-12.01%,-15.56%,-28.74%,4.63%,26.92,6.10,-3.17%,-2.40%,-0.79%,272003
100,"CIEN",1.68,0.70,-8.84%,-6.19%,5.98%,-13.30%,48.98%,30.84,23.27,-1.65%,-1.65%,0.00%,4875831
101,"SNCR",2.17,1.18,-12.58%,-25.47%,-32.27%,-47.98%,2.36%,20.80,25.98,-1.22%,-1.03%,-0.19%,538098
102,"IRM",1.05,0.58,-6.74%,-3.92%,-4.15%,-15.67%,15.63%,30.27,34.01,-0.67%,0.65%,-1.31%,907854
103,"GRUB",,1.17,-3.86%,-9.08%,-6.30%,-22.79%,60.77%,39.58,34.42,1.92%,1.41%,0.50%,1871398
104,"ARRS",1.26,0.72,-8.35%,-12.69%,-8.75%,-20.75%,24.59%,30.24,24.98,-1.58%,-1.30%,-0.28%,4013927
105,"PANW",1.08,4.38,-15.30%,-15.73%,-15.41%,-28.98%,3.50%,28.25,117.68,-1.01%,-1.19%,0.19%,2090848
106,"ACIA",,2.95,-10.69%,-13.54%,-27.46%,-60.27%,89.09%,39.87,51.15,1.17%,1.43%,-0.26%,633515
107,"FNSR",1.37,1.64,-21.71%,-15.26%,1.43%,-27.41%,75.87%,30.17,26.75,-0.85%,-2.94%,2.15%,12319543
108,"CPN",1.00,0.33,-5.65%,-6.48%,-13.85%,-32.11%,5.00%,35.25,10.91,-0.91%,-1.00%,0.09%,1995583
