No.,Ticker,Company,Sector,Industry,Country,Market Cap,P/E,Price,Change,Volume,Beta,Average True Range,20-Day Simple Moving Average,50-Day Simple Moving Average,200-Day Simple Moving Average,52-Week High,52-Week Low,Relative Strength Index (14),Price,Change,Change from Open,Gap,Volume
6,AEM,Agnico Eagle Mines Limited,Basic Materials,Gold,Canada,9005.29,58.35,41.25,0.12%,1373808,-0.49,1.41,-6.80%,-8.95%,-14.93%,-30.92%,20.76%,35.88,41.25,0.12%,-0.27%,0.39%,1373808
4,RGLD,"Royal Gold, Inc.",Basic Materials,Gold,USA,4106.4,391.49,63.03,0.13%,373714,0.58,1.84,-6.28%,-7.27%,-11.46%,-27.68%,40.45%,36.95,63.03,0.13%,0.00%,0.13%,373714
34,APA,Apache Corporation,Basic Materials,Independent Oil & Gas,USA,19196.73,,50.16,-0.14%,4053343,1.16,1.43,-6.22%,-13.81%,-13.25%,-27.02%,10.56%,26.81,50.16,-0.14%,-0.12%,-0.02%,4053343
22,APC,Anadarko Petroleum Corporation,Basic Materials,Independent Oil & Gas,USA,35143.39,,62.82,1.50%,4143915,1.47,1.61,-3.67%,-7.70%,2.79%,-14.26%,44.83%,36.26,62.82,1.50%,1.68%,-0.18%,4143915
14,CNX,CONSOL Energy Inc.,Basic Materials,Independent Oil & Gas,USA,3559.05,,15.35,1.05%,2083472,1.45,0.51,-5.07%,-11.69%,-12.90%,-31.29%,58.90%,37.25,15.35,1.05%,0.85%,0.20%,2083472
21,CPE,Callon Petroleum Company,Basic Materials,Independent Oil & Gas,USA,2314.08,,11.6,0.61%,3034884,1.68,0.54,-12.74%,-19.62%,-16.69%,-37.40%,50.06%,27.49,11.6,0.61%,1.05%,-0.43%,3034884
3,CRC,California Resources Corporation,Basic Materials,Independent Oil & Gas,USA,677.27,2.36,15.24,1.40%,1519811,,1.15,-15.13%,-22.72%,2.89%,-40.24%,73.38%,33.29,15.24,1.40%,1.33%,0.07%,1519811
18,CRZO,"Carrizo Oil & Gas, Inc.",Basic Materials,Independent Oil & Gas,USA,1836.43,,28.49,1.33%,1226889,2.12,1.33,-11.37%,-17.55%,-22.39%,-35.20%,8.23%,31.19,28.49,1.33%,1.26%,0.07%,1226889
7,DVN,Devon Energy Corporation,Basic Materials,Independent Oil & Gas,USA,21759.59,,40.96,1.74%,4366698,2.1,1.4,-6.04%,-9.38%,-2.91%,-19.09%,77.86%,35.56,40.96,1.74%,2.27%,-0.52%,4366698
24,EGN,Energen Corporation,Basic Materials,Independent Oil & Gas,USA,4962.37,,50.59,-0.30%,1055923,1.9,1.63,-6.01%,-7.90%,-5.74%,-21.49%,60.96%,36.73,50.59,-0.30%,0.24%,-0.53%,1055923
30,EQT,EQT Corporation,Basic Materials,Independent Oil & Gas,USA,10095.94,,57.81,1.28%,2590441,0.88,1.77,-4.84%,-7.36%,-16.37%,-28.19%,2.39%,38.34,57.81,1.28%,0.31%,0.96%,2590441
37,GPOR,Gulfport Energy Corporation,Basic Materials,Independent Oil & Gas,USA,2666.04,,16.55,-1.66%,5969333,1.2,0.63,-10.35%,-17.63%,-36.47%,-52.26%,-0.12%,25.54,16.55,-1.66%,-1.66%,0.00%,5969333
16,HES,Hess Corporation,Basic Materials,Independent Oil & Gas,USA,15432.82,,47.79,0.78%,6240674,1.8,1.36,-6.54%,-13.30%,-12.35%,-26.82%,5.75%,26.85,47.79,0.78%,1.44%,-0.65%,6240674
15,MTDR,Matador Resources Company,Basic Materials,Independent Oil & Gas,USA,2332.66,,23.13,-0.81%,1283143,1.26,0.97,-8.03%,-9.87%,-1.91%,-18.87%,31.87%,37.81,23.13,-0.81%,-0.73%,-0.09%,1283143
31,MUR,Murphy Oil Corporation,Basic Materials,Independent Oil & Gas,USA,4565.09,,26.4,-0.64%,3451532,2.13,0.93,-5.73%,-10.12%,-9.28%,-26.77%,21.17%,37.32,26.4,-0.64%,-0.41%,-0.23%,3451532
36,NBL,"Noble Energy, Inc.",Basic Materials,Independent Oil & Gas,USA,14900.28,,34.05,-0.06%,5425237,1.15,0.96,-7.29%,-10.45%,-6.55%,-18.78%,19.46%,32.15,34.05,-0.06%,-0.06%,0.00%,5425237
40,NFX,Newfield Exploration Company,Basic Materials,Independent Oil & Gas,USA,6918.22,,34.51,0.58%,3001391,1.52,1.24,-10.23%,-14.28%,-18.31%,-30.98%,11.90%,30.27,34.51,0.58%,0.55%,0.03%,3001391
38,PDCE,"PDC Energy, Inc.",Basic Materials,Independent Oil & Gas,USA,4252.63,,64.21,0.86%,946511,1.1,2.14,-7.46%,-11.46%,-1.88%,-24.35%,28.11%,34.7,64.21,0.86%,1.25%,-0.38%,946511
17,REN,Resolute Energy Corporation,Basic Materials,Independent Oil & Gas,USA,783.37,,36.15,-1.28%,834879,3.31,2.37,-19.18%,-18.18%,41.75%,-26.43%,1438.30%,29.37,36.15,-1.28%,-2.11%,0.85%,834879
27,RRC,Range Resources Corporation,Basic Materials,Independent Oil & Gas,USA,7018.6,,28.08,2.00%,5311837,1.03,1.08,-4.53%,-12.24%,-24.87%,-40.14%,5.17%,38.62,28.08,2.00%,1.70%,0.29%,5311837
35,SWN,Southwestern Energy Company,Basic Materials,Independent Oil & Gas,USA,3794.6,,7.6,2.15%,9008336,1.28,0.37,-6.16%,-16.19%,-36.20%,-51.25%,9.04%,35.92,7.6,2.15%,1.47%,0.67%,9008336
28,XEC,Cimarex Energy Co.,Basic Materials,Independent Oil & Gas,USA,11632.11,,120.59,1.14%,751401,1.53,3.14,-5.51%,-9.39%,-6.23%,-17.89%,32.36%,33.17,120.59,1.14%,1.41%,-0.27%,751401
9,XOG,"Extraction Oil & Gas, LLC",Basic Materials,Independent Oil & Gas,USA,2773.35,,16.36,0.00%,851694,,0.78,-8.69%,-10.76%,-17.68%,-34.77%,3.52%,36.16,16.36,0.00%,-0.37%,0.37%,851694
5,FMSA,Fairmount Santrol Holdings Inc.,Basic Materials,Industrial Metals & Minerals,USA,1605.12,,7.3,-1.35%,5432996,,0.75,-30.17%,-36.60%,-17.98%,-44.36%,213.30%,23.73,7.3,-1.35%,-0.14%,-1.22%,5432996
41,SLCA,"U.S. Silica Holdings, Inc.",Basic Materials,Industrial Metals & Minerals,USA,3740.46,,46.5,-0.13%,1934299,2.58,2.59,-13.64%,-16.87%,2.63%,-24.38%,139.32%,32.3,46.5,-0.13%,0.00%,-0.13%,1934299
23,SXC,"SunCoke Energy, Inc.",Basic Materials,Nonmetallic Mineral Mining,USA,562.09,39.82,8.72,5.06%,959014,1.31,0.36,-9.36%,-14.02%,-0.08%,-33.64%,69.65%,34.92,8.72,5.06%,3.93%,1.08%,959014
2,CVE,Cenovus Energy Inc.,Basic Materials,Oil & Gas Drilling & Exploration,Canada,9974.6,,11.97,-0.91%,1949827,0.66,0.36,-8.51%,-13.63%,-17.20%,-28.83%,1.83%,30.39,11.97,-0.91%,-0.33%,-0.58%,1949827
19,ESV,Ensco plc,Basic Materials,Oil & Gas Drilling & Exploration,United Kingdom,2587.39,2.75,8.71,-0.34%,5788436,1.71,0.48,-12.98%,-17.66%,-6.78%,-29.22%,34.27%,32.26,8.71,-0.34%,-0.23%,-0.11%,5788436
29,HK,Halcon Resources Corporation,Basic Materials,Oil & Gas Drilling & Exploration,USA,673.16,,7.39,0.54%,990655,3.5,0.41,-12.57%,-16.40%,26.84%,-38.47%,3259.09%,32.53,7.39,0.54%,1.37%,-0.82%,990655
42,NBR,Nabors Industries Ltd.,Basic Materials,Oil & Gas Drilling & Exploration,Bermuda,3766.73,,13.41,-0.22%,4263456,1.67,0.55,-9.54%,-16.04%,6.93%,-26.79%,79.63%,29.31,13.41,-0.22%,0.68%,-0.89%,4263456
39,UNT,Unit Corporation,Basic Materials,Oil & Gas Drilling & Exploration,USA,1149.73,,22.26,0.50%,370411,2.5,1.38,-14.15%,-16.37%,11.14%,-27.33%,174.14%,33.07,22.26,0.50%,1.18%,-0.68%,370411
13,WLL,Whiting Petroleum Corporation,Basic Materials,Oil & Gas Drilling & Exploration,USA,3428.38,,9.29,1.53%,9571035,3.22,0.47,-13.70%,-18.71%,-5.75%,-35.66%,45.61%,29.66,9.29,1.53%,1.98%,-0.44%,9571035
20,BAS,"Basic Energy Services, Inc.",Basic Materials,Oil & Gas Equipment & Services,USA,789.58,,31.52,-1.22%,418683,,1.65,-19.29%,-19.08%,-18.96%,-29.66%,7.36%,29.99,31.52,-1.22%,-0.76%,-0.47%,418683
26,BHI,Baker Hughes Incorporated,Basic Materials,Oil & Gas Equipment & Services,USA,24587.22,,56.68,0.71%,1665250,0.8,1.13,-5.67%,-8.02%,4.39%,-17.14%,50.51%,28.12,56.68,0.71%,0.34%,0.37%,1665250
32,BRS,Bristow Group Inc.,Basic Materials,Oil & Gas Equipment & Services,USA,494.84,,14.1,0.79%,485530,2.83,0.88,-12.27%,-20.98%,-2.24%,-39.13%,56.12%,29.22,14.1,0.79%,0.64%,0.14%,485530
10,HAL,Halliburton Company,Basic Materials,Oil & Gas Equipment & Services,USA,44092.1,,50.88,-0.06%,6272390,1.06,1.13,-5.15%,-7.22%,6.01%,-13.14%,55.31%,31.83,50.88,-0.06%,-0.27%,0.22%,6272390
12,MDR,"McDermott International, Inc.",Basic Materials,Oil & Gas Equipment & Services,USA,1585.87,56.02,6.61,0.30%,2462479,1.46,0.28,-11.28%,-13.16%,10.84%,-20.65%,87.25%,31.14,6.61,0.30%,0.30%,0.00%,2462479
8,SLB,Schlumberger Limited,Basic Materials,Oil & Gas Equipment & Services,USA,109578.03,,78.59,-0.13%,6704553,1.11,1.25,-2.49%,-4.84%,-1.57%,-9.98%,12.93%,36.75,78.59,-0.13%,-0.30%,0.18%,6704553
25,QEP,"QEP Resources, Inc.",Basic Materials,Oil & Gas Pipelines,USA,3097.57,,12.92,0.08%,3793342,1.79,0.6,-14.39%,-23.23%,-28.15%,-38.83%,9.58%,22.06,12.92,0.08%,0.39%,-0.31%,3793342
33,INT,World Fuel Services Corporation,Basic Materials,Oil & Gas Refining & Marketing,USA,2528.69,20.2,36.6,0.27%,468686,1.06,0.85,-4.19%,-13.49%,-17.80%,-27.97%,2.61%,26.93,36.6,0.27%,0.03%,0.25%,468686
1,CDE,"Coeur Mining, Inc.",Basic Materials,Silver,USA,1356.92,23.57,7.73,2.25%,3126291,0.88,0.47,-9.30%,-22.80%,-30.57%,-52.89%,65.52%,32.46,7.73,2.25%,1.18%,1.06%,3126291
11,AKS,AK Steel Holding Corporation,Basic Materials,Steel & Iron,USA,2514.23,,7.89,2.73%,11728139,2.8,0.4,-5.54%,-11.80%,17.73%,-30.73%,138.37%,38.79,7.89,2.73%,1.28%,1.43%,11728139
46,LKQ,LKQ Corporation,Consumer Goods,Auto Parts,USA,9447.48,20.54,30.23,0.77%,2380892,0.55,0.58,-4.25%,-3.96%,-8.37%,-16.84%,2.93%,38.34,30.23,0.77%,0.77%,0.00%,2380892
48,BETR,"Amplify Snack Brands, Inc.",Consumer Goods,Food - Major Diversified,USA,633.47,22.21,8.04,-4.06%,856969,,0.38,-18.32%,-19.39%,-37.84%,-54.14%,-2.55%,19.76,8.04,-4.06%,-4.06%,0.00%,856969
44,LTRPA,"Liberty TripAdvisor Holdings, Inc.",Consumer Goods,"Recreational Goods, Other",USA,1049.18,52.25,13.95,-0.36%,684351,,0.56,-5.82%,-14.29%,-28.69%,-43.38%,6.90%,35.92,13.95,-0.36%,-0.36%,0.00%,684351
45,TVPT,Travelport Worldwide Limited,Consumer Goods,"Recreational Goods, Other",United Kingdom,1525.47,91.11,12.3,1.57%,1613519,,0.28,-5.09%,-10.25%,-9.18%,-17.90%,10.87%,33.82,12.3,1.57%,1.74%,-0.17%,1613519
49,THO,"Thor Industries, Inc.",Consumer Goods,Recreational Vehicles,USA,5100.99,16.77,97.31,-2.26%,1619137,1.3,3.1,-11.13%,-7.78%,12.85%,-15.92%,65.35%,30.87,97.31,-2.26%,-2.06%,-0.20%,1619137
43,GIII,"G-III Apparel Group, Ltd.",Consumer Goods,Textile - Apparel Clothing,USA,1147.68,14.05,23.95,-1.96%,317302,0.43,0.96,-6.92%,-9.91%,-28.35%,-57.15%,0.00%,36.4,23.95,-1.96%,-1.92%,-0.04%,317302
47,ICON,"Iconix Brand Group, Inc.",Consumer Goods,Textile - Apparel Footwear & Accessories,USA,404.68,,7.22,-2.70%,962411,1.44,0.35,-14.36%,-22.35%,-13.97%,-33.15%,15.34%,19.55,7.22,-2.70%,-3.09%,0.40%,962411
54,LC,LendingClub Corporation,Financial,Credit Services,USA,2128.56,,5.26,-0.94%,4240187,,0.24,-6.64%,-8.69%,-1.80%,-43.80%,52.91%,39.67,5.26,-0.94%,-2.05%,1.13%,4240187
64,NAVI,Navient Corporation,Financial,Credit Services,USA,4205.14,6.83,14.51,-0.07%,1511270,,0.35,-4.01%,-6.53%,0.86%,-17.55%,36.48%,30.25,14.51,-0.07%,-0.27%,0.21%,1511270
53,FBP,First Bancorp,Financial,Foreign Regional Banks,USA,1324.56,13.85,5.97,0.51%,1146314,2.04,0.18,-6.98%,-9.44%,10.03%,-15.32%,136.90%,31.2,5.97,0.51%,1.02%,-0.51%,1146314
61,MBI,MBIA Inc.,Financial,Property & Casualty Insurance,USA,1247.2,,9.32,0.54%,1150747,2.41,0.29,-8.26%,-11.75%,5.80%,-20.00%,47.00%,30.29,9.32,0.54%,0.87%,-0.32%,1150747
59,MHLD,"Maiden Holdings, Ltd.",Financial,Property & Casualty Insurance,Bermuda,1250.78,80,14.4,-1.37%,406547,1.16,0.51,-11.92%,-16.40%,-2.78%,-24.01%,23.71%,21.36,14.4,-1.37%,-1.37%,0.00%,406547
56,GPT,"Gramercy Property Trust, Inc.",Financial,REIT - Diversified,USA,3621.4,300.12,25.51,0.55%,811604,0.58,0.51,-6.23%,-2.16%,92.02%,-10.62%,246.97%,28.45,25.51,0.55%,0.71%,-0.16%,811604
60,SNR,New Senior Investment Group Inc.,Financial,REIT - Diversified,USA,797.63,,9.58,0.00%,736590,,0.21,-5.27%,-4.07%,-5.91%,-18.83%,14.85%,31.05,9.58,0.00%,0.63%,-0.63%,736590
66,SRC,"Spirit Realty Capital, Inc.",Financial,REIT - Diversified,USA,4922.97,105,10.08,-0.30%,4438676,0.6,0.22,-5.97%,-6.34%,-13.44%,-25.64%,0.20%,27.46,10.08,-0.30%,-0.30%,0.00%,4438676
58,AHT,"Ashford Hospitality Trust, Inc.",Financial,REIT - Hotel/Motel,USA,587.94,,6.07,-0.16%,572328,1.44,0.25,-13.04%,-18.50%,-4.52%,-26.25%,34.55%,25.42,6.07,-0.16%,0.00%,-0.16%,572328
63,CBL,"CBL & Associates Properties, Inc.",Financial,REIT - Retail,USA,1604.77,12.55,9.4,1.29%,2412509,1.23,0.32,-7.58%,-11.14%,-14.16%,-31.25%,12.76%,32.4,9.4,1.29%,1.18%,0.11%,2412509
65,GGP,GGP Inc.,Financial,REIT - Retail,USA,20601.78,17.45,23.28,1.00%,6479697,0.81,0.47,-5.75%,-6.45%,-14.02%,-27.48%,1.84%,32.11,23.28,1.00%,0.69%,0.30%,6479697
52,KIM,Kimco Realty Corporation,Financial,REIT - Retail,USA,9278.38,37.61,21.85,0.97%,5561379,0.73,0.48,-8.18%,-11.13%,-19.79%,-30.87%,1.82%,24.09,21.85,0.97%,-0.59%,1.57%,5561379
51,KRG,Kite Realty Group Trust,Financial,REIT - Retail,USA,1721.4,1449.29,20.29,1.30%,999774,0.64,0.49,-9.95%,-12.58%,-20.53%,-31.77%,1.91%,21.46,20.29,1.30%,-0.10%,1.40%,999774
50,PEI,Pennsylvania Real Estate Investment Trust,Financial,REIT - Retail,USA,1040.28,,14.76,1.30%,2455551,1.36,0.5,-10.43%,-15.17%,-27.34%,-40.62%,2.43%,26.9,14.76,1.30%,1.30%,0.00%,2455551
57,RPAI,"Retail Properties of America, Inc.",Financial,REIT - Retail,USA,3413.8,21.48,14.22,2.01%,2531376,0.46,0.31,-5.71%,-5.82%,-9.62%,-18.33%,2.45%,32.79,14.22,2.01%,1.28%,0.72%,2531376
62,SPG,"Simon Property Group, Inc.",Financial,REIT - Retail,USA,54321.55,28.73,168.69,0.31%,2616177,0.61,3.3,-6.41%,-6.54%,-12.97%,-24.40%,0.66%,28.93,168.69,0.31%,-0.18%,0.49%,2616177
55,WRI,Weingarten Realty Investors,Financial,REIT - Retail,USA,4088.43,17,31.74,1.18%,1337984,0.73,0.67,-8.52%,-9.71%,-14.29%,-25.14%,1.96%,25.8,31.74,1.18%,0.83%,0.35%,1337984
67,ALXN,"Alexion Pharmaceuticals, Inc.",Healthcare,Biotechnology,USA,27850.7,70.87,124.74,-2.02%,1459714,1.33,3.26,-4.31%,-4.78%,-2.57%,-23.00%,14.31%,35.91,124.74,-2.02%,-1.73%,-0.29%,1459714
71,PTCT,"PTC Therapeutics, Inc.",Healthcare,Biotechnology,USA,358.52,,10.76,1.13%,932927,1.39,0.83,-11.87%,-16.70%,8.41%,-34.79%,167.00%,36.94,10.76,1.13%,2.67%,-1.50%,932927
70,IPXL,"Impax Laboratories, Inc.",Healthcare,Drug Manufacturers - Major,USA,682.46,,9.05,2.26%,1551900,1.28,0.9,-25.62%,-28.44%,-57.12%,-75.67%,16.77%,32.93,9.05,2.26%,1.69%,0.56%,1551900
68,ENDP,Endo International plc,Healthcare,Drug Manufacturers - Other,Ireland,2377.99,,10.67,-1.39%,6014883,0.62,0.65,-14.02%,-19.16%,-37.55%,-74.95%,2.69%,31.23,10.67,-1.39%,-1.20%,-0.18%,6014883
69,PRGO,Perrigo Company plc,Healthcare,Drug Related Products,Ireland,9962.9,,70.29,-1.31%,1363299,0.69,2.32,-10.22%,-10.43%,-19.61%,-49.68%,1.87%,30.67,70.29,-1.31%,-1.08%,-0.22%,1363299
72,HZNP,Horizon Pharma Public Limited Company,Healthcare,Drugs - Generic,Ireland,2456.22,,15.22,-1.17%,1763116,1.8,0.56,-6.70%,-8.21%,-15.90%,-35.07%,16.63%,36.81,15.22,-1.17%,-0.72%,-0.45%,1763116
74,MNTA,"Momenta Pharmaceuticals, Inc.",Healthcare,Drugs - Generic,USA,1023.68,,14,-1.06%,649285,1.77,0.72,-13.42%,-13.77%,5.97%,-29.65%,78.12%,31.36,14,-1.06%,-1.75%,0.71%,649285
73,ALR,Alere Inc.,Healthcare,Medical Laboratories & Research,USA,3327.41,,37.76,-0.63%,260642,0.59,0.75,-3.75%,-3.59%,-6.69%,-29.84%,19.99%,36.46,37.76,-0.63%,-0.74%,0.11%,260642
75,TASR,"TASER International, Inc.",Industrial Goods,Aerospace/Defense Products & Services,USA,1186.35,70.4,22.81,0.80%,823752,0.62,0.7,-8.67%,-9.02%,-10.72%,-24.34%,32.77%,31.89,22.81,0.80%,1.06%,-0.27%,823752
77,TGI,"Triumph Group, Inc.",Industrial Goods,Aerospace/Defense Products & Services,USA,1241.91,,24.5,0.62%,555513,1.5,0.9,-8.40%,-8.06%,-17.74%,-38.63%,9.70%,31.91,24.5,0.62%,0.62%,0.00%,555513
76,CSTM,Constellium N.V,Industrial Goods,Metal Fabrication,Netherlands,740.12,,6.3,2.44%,2994831,0.68,0.53,-20.60%,-14.27%,1.53%,-28.81%,56.72%,32.06,6.3,2.44%,3.28%,-0.81%,2994831
81,NWSA,News Corporation,Services,Broadcasting - TV,USA,7235.25,,12.28,-0.81%,1704580,2,0.29,-5.26%,-1.18%,-1.95%,-16.35%,17.39%,38.48,12.28,-0.81%,0.24%,-1.05%,1704580
91,RRD,R.R. Donnelley & Sons Company,Services,Business Services,USA,974.11,,13.55,-4.17%,2036002,1.52,0.71,-20.26%,-20.05%,-20.25%,-44.10%,-3.21%,24.86,13.55,-4.17%,-3.90%,-0.28%,2036002
88,SCOR,"comScore, Inc.",Services,Business Services,USA,1262.04,,22.07,4.41%,211105,,1.08,-4.38%,-21.10%,-24.10%,-36.66%,6.07%,33.39,22.07,4.41%,4.12%,0.28%,211105
90,JCP,"J. C. Penney Company, Inc.",Services,Department Stores,USA,1829.29,,5.99,-5.82%,22405982,0.72,0.29,-9.89%,-13.70%,-30.23%,-49.45%,2.04%,36.16,5.99,-5.82%,-6.11%,0.31%,22405982
92,FRED,"Fred's, Inc.",Services,"Discount, Variety Stores",USA,535.18,,14.78,-2.51%,699148,1.72,0.8,-11.67%,-9.55%,11.28%,-31.88%,89.14%,37.7,14.78,-2.51%,-2.18%,-0.33%,699148
84,KR,The Kroger Co.,Services,Grocery Stores,USA,26924.13,13.79,28.69,-0.45%,9082558,0.78,0.72,-9.79%,-12.75%,-13.24%,-25.82%,0.66%,24.85,28.69,-0.45%,-0.49%,0.03%,9082558
86,AAL,American Airlines Group Inc.,Services,Major Airlines,USA,21802.5,8.87,42.37,-3.49%,8851238,,1.21,-8.09%,-8.58%,6.68%,-16.14%,71.83%,32.62,42.37,-3.49%,-3.11%,-0.39%,8851238
89,DAL,"Delta Air Lines, Inc.",Services,Major Airlines,USA,34972.24,8.19,47.35,-1.17%,6966011,0.86,1.03,-4.81%,-4.22%,10.17%,-9.90%,47.30%,36.57,47.35,-1.17%,-1.15%,-0.02%,6966011
82,UAL,"United Continental Holdings, Inc.",Services,Major Airlines,USA,22036.98,9.33,69.85,-3.44%,6730662,0.68,1.95,-5.97%,-5.00%,19.56%,-9.05%,86.71%,36.39,69.85,-3.44%,-3.24%,-0.21%,6730662
93,GCI,"Gannett Co., Inc.",Services,Publishing - Newspapers,USA,907.57,18.05,7.98,0.88%,720412,,0.3,-5.50%,-11.79%,-25.84%,-52.15%,13.42%,32.81,7.98,0.88%,1.01%,-0.13%,720412
83,SONC,Sonic Corp.,Services,Restaurants,USA,1021.01,17.86,23.45,-0.42%,834760,1.44,0.6,-8.12%,-8.83%,-11.85%,-34.25%,12.32%,27.84,23.45,-0.42%,-0.38%,-0.04%,834760
85,BKS,"Barnes & Noble, Inc.",Services,"Specialty Retail, Other",USA,630.34,127.54,8.8,2.33%,1086344,2.24,0.4,-10.73%,-15.23%,-21.17%,-33.67%,4.14%,32.96,8.8,2.33%,2.33%,0.00%,1086344
87,ETSY,"Etsy, Inc.",Services,"Specialty Retail, Other",USA,1157.46,,10.05,3.40%,1940186,,0.49,-14.13%,-17.57%,-17.77%,-37.38%,32.24%,30.18,10.05,3.40%,3.18%,0.21%,1940186
78,DKS,"Dick's Sporting Goods, Inc.",Services,Sporting Goods Stores,USA,5273.78,18.45,47.29,-3.17%,4939569,0.55,1.71,-5.30%,-8.12%,-10.66%,-24.43%,26.09%,39.36,47.29,-3.17%,-3.17%,0.00%,4939569
79,KBR,"KBR, Inc.",Services,Technical Services,USA,2057.45,,14.42,-2.30%,1889578,1.34,0.43,-8.54%,-12.40%,-6.03%,-19.30%,20.58%,29.24,14.42,-2.30%,-2.17%,-0.14%,1889578
80,YRCW,YRC Worldwide Inc.,Services,Trucking,USA,388.66,18.16,11.64,0.26%,394786,3.61,0.57,-9.04%,-14.09%,-2.21%,-31.41%,47.16%,35.01,11.64,0.26%,-0.09%,0.34%,394786
101,SNCR,"Synchronoss Technologies, Inc.",Technology,Application Software,USA,1191.44,,25.98,-1.22%,538098,2.17,1.18,-12.58%,-25.47%,-32.27%,-47.98%,2.36%,20.8,25.98,-1.22%,-1.03%,-0.19%,538098
94,SYNA,Synaptics Incorporated,Technology,Application Software,USA,1751.14,45.94,49.89,-2.23%,515991,1.25,1.38,-8.38%,-9.23%,-11.86%,-45.12%,5.95%,32.46,49.89,-2.23%,-2.10%,-0.14%,515991
102,IRM,Iron Mountain Incorporated,Technology,Business Software & Services,USA,8932.73,77.83,34.01,-0.67%,907854,1.05,0.58,-6.74%,-3.92%,-4.15%,-15.67%,15.63%,30.27,34.01,-0.67%,0.65%,-1.31%,907854
106,ACIA,"Acacia Communications, Inc.",Technology,Communication Equipment,USA,2046,22.1,51.15,1.17%,633515,,2.95,-10.69%,-13.54%,-27.46%,-60.27%,89.09%,39.87,51.15,1.17%,1.43%,-0.26%,633515
104,ARRS,ARRIS International plc,Technology,Communication Equipment,USA,4693.74,290.47,24.98,-1.58%,4013927,1.26,0.72,-8.35%,-12.69%,-8.75%,-20.75%,24.59%,30.24,24.98,-1.58%,-1.30%,-0.28%,4013927
100,CIEN,Ciena Corporation,Technology,Communication Equipment,USA,3292.71,42.54,23.27,-1.65%,4875831,1.68,0.7,-8.84%,-6.19%,5.98%,-13.30%,48.98%,30.84,23.27,-1.65%,-1.65%,0.00%,4875831
99,SHOR,"ShoreTel, Inc.",Technology,Communication Equipment,USA,412.66,,6.1,-3.17%,272003,1.41,0.22,-7.70%,-12.01%,-15.56%,-28.74%,4.63%,26.92,6.1,-3.17%,-2.40%,-0.79%,272003
95,CSRA,CSRA Inc.,Technology,Information Technology Services,USA,4692.57,24.81,28.81,1.37%,987858,,0.71,-3.59%,-7.56%,3.62%,-14.10%,32.18%,37.25,28.81,1.37%,1.44%,-0.07%,987858
103,GRUB,GrubHub Inc.,Technology,Internet Information Providers,USA,2938.44,59.86,34.42,1.92%,1871398,,1.17,-3.86%,-9.08%,-6.30%,-22.79%,60.77%,39.58,34.42,1.92%,1.41%,0.50%,1871398
107,FNSR,Finisar Corporation,Technology,Networking & Communication Devices,USA,3830.33,30.47,26.75,-0.85%,12319543,1.37,1.64,-21.71%,-15.26%,1.43%,-27.41%,75.87%,30.17,26.75,-0.85%,-2.94%,2.15%,12319543
105,PANW,"Palo Alto Networks, Inc.",Technology,Networking & Communication Devices,USA,10481.76,,117.68,-1.01%,2090848,1.08,4.38,-15.30%,-15.73%,-15.41%,-28.98%,3.50%,28.25,117.68,-1.01%,-1.19%,0.19%,2090848
96,IPHI,Inphi Corporation,Technology,Semiconductor - Broad Line,USA,1810.82,71.96,42.89,-1.88%,991811,1.46,1.57,-9.81%,-8.50%,4.61%,-17.17%,65.66%,28.58,42.89,-1.88%,-1.90%,0.02%,991811
97,NPTN,NeoPhotonics Corporation,Technology,Semiconductor - Broad Line,USA,386.61,,8.51,-5.55%,2212226,1.35,0.55,-21.20%,-21.76%,-31.68%,-54.02%,0.24%,25.46,8.51,-5.55%,-5.44%,-0.11%,2212226
98,TDS,"Telephone and Data Systems, Inc.",Technology,Wireless Communications,USA,2821.47,66.98,25.99,-0.35%,685569,1.23,0.78,-10.00%,-11.88%,-8.40%,-21.19%,8.30%,32.74,25.99,-0.35%,-0.50%,0.15%,685569
108,CPN,Calpine Corporation,Utilities,Electric Utilities,USA,3942.22,42.95,10.91,-0.91%,1995583,1,0.33,-5.65%,-6.48%,-13.85%,-32.11%,5.00%,35.25,10.91,-0.91%,-1.00%,0.09%,1995583
